"https://www.zbozi.cz/hledej/?q=vnitrni%20vitr%C3%ADnavnitrni vitrina","https://www.zbozi.cz/hledej/?q=vnitrni%20vitr%C3%ADna, https://www.zbozi.cz/hledej/?q=vnitrni%20vitr%C3%ADnavnitrni"
"https://www.corping.cz/magneticka-vitrina-pro-vnitrni-pouziti--90-x-120-cm/?utm_source=zbozi.cz&utm_medium=product&utm_campaign=zbozi.cz&utm_content=&utm_term=Vnit%c5%99n%c3%ad+magnetick%c3%a1+vitr%c3%adna,+zelen%c3%a1,+900+x+1200+mm&utm_id=3689151","https://www.corping.cz/magneticka-vitrina-pro-vnitrni-pouziti--90-x-120-cm/?utm_source=zbozi.cz&utm_medium=product&utm_campaign=zbozi.cz&utm_content=&utm_term=Vnit%c5%99n%c3%ad+magnetick%c3%a1+vitr%c3%adna"
"vnitrni vitrina"
"https://www.abstore.cz/vnitrni-vitrina-sc-xs-2-x-a4?shopping&utm_source=google&utm_medium=cpc&utm_campaign=3_PLA-Mestsky-mobiliar-GEN%20(top%20season)&utm_id=385804477&gad_source=1&gad_campaignid=385804477&gbraid=0AAAAADwWYROgoSdsKBTZ48GD1dyQsM3CP&gclid=CjwKCAjwyYPOBhBxEiwAgpT8Pws9tSHd7N5Z5UsBflmLDvnvhidlzpR5dv242YXMt2TU6n0rozsgIhoCWA4QAvD_BwE","https://www.abstore.cz/vnitrni-vitrina-sc-xs-2-x-a4?shopping&utm_source=google&utm_medium=cpc&utm_campaign=3_PLA-Mestsky-mobiliar-GEN%20%28top%20season%29&utm_id=385804477&gad_source=1&gad_campaignid=385804477&gbraid=0AAAAADwWYROgoSdsKBTZ48GD1dyQsM3CP&gclid=CjwKCAjwyYPOBhBxEiwAgpT8Pws9tSHd7N5Z5UsBflmLDvnvhidlzpR5dv242YXMt2TU6n0rozsgIhoCWA4QAvD_BwE, https://www.abstore.cz/vnitrni-vitrina-sc-xs-2-x-a4?shopping&utm_source=google&utm_medium=cpc&utm_campaign=3_PLA-Mestsky-mobiliar-GEN%20(top%20season)&utm_id=385804477&gad_source=1&gad_campaignid=385804477&gbraid=0AAAAADwWYROgoSdsKBTZ48GD1dyQsM3CP&gclid=CjwKCAjwyYPOBhBxEiwAgpT8Pws9tSHd7N5Z5UsBflmLDvnvhidlzpR5dv242YXMt2TU6n0rozsgIhoCWA4QAvD_BwE"
"Material reserch"
"Material elements"
"Vizualni inspo"
"prázdný moment of breaking out of"
"Pinball   anti-salvation:   bez pokroku, jen opakování....    Energie bez transcendence"
"sweet spots, turning point   .. prace s napětím"
"Pinball"
"Skluzavky"
"Office grotesque inspo"
"Cancelculture scapegoating"
"Cancelculture scapegoating""Deo dandum"" = ""to be given to God"""
"Proklety predmet, ktery zpusobil smrt, nebo nese vinu"
"Grotesknost v objektech co maji moc.. moralni odpovednost prenesena na jine"
"Linear time (maskulinní) vs. cyclical time (feminní) "
"menstrual cycle  návrat, opakování... pinball"
"Sabotage works precisely because it becomes indistinguishable from accident"
"V soucasnosti, algoritmus pri diskriminaci, ai pri navigovani k sebevrazde"
"Sabotazing obsah.. commentary on some"
"Loops"
"sabotage's tactical challenge is precisely to make avoidable delays appear unavoidable"
"Spasitel = scapegoat?"
"Feminism"
"Deodand"
"Sabotage"
"""Make X Great Again"" - návrat do zlatého věku   Technologické spasení - AI, blockchain jako osvobození   Náboženské spasení - tradiční hodnoty jako záchrana   Národní spasení - etnická/kulturní čistota"
"Odklon od hodnot k ideologii....     hodnoty jsou otevřené, diskutovatelné principy      ideologie je uzavreny systém s salvation narrativem"
"Perfomativni ritual"
"Vina"
"Spása"
"Databaze"
"Horn of scapegoat"
"Real value ... - troubeni - catharsis - polidsteni... hybrid"
"Únik do jeskyně, do url světa od irl.. AI mannerism    opakuje se historie vizualniho vnimani v url ale nelinearne"
"https://www.jesterplanet.com/the-modern-jester/","https://www.jesterplanet.com/the-modern-jester/"
"Chosen for their exceptional comedic abilities, intelligence, and wit, their performances extended beyond mere entertainment to include social and political commentary."
"Michail Bachtin - ""Rabelais and His World"" (1965)"
"Král se stává šaškem, šašek králem ... propojení momentu ve videe"
"Pleroma.. Smích je regenerativní... ničí i obnovuje.. současná oslava a degredace"
"trolling, memes jako carnivalesque metody soucasnosti"
"court jester....there were also times when they went too far with their ridicule or made fun of the wrong influential figure and lost their job."
"allowed to say unspoken"
"provoke situations"
"Porušování pravidel...   operativní logiky uvnitř reality"
"Grotesknost ... narušení kulturně stanovených hierarchií a kategorií...   narušení přirozeného"
"mytus predlunapark.."
"Carnival of crisis"
"adulteration"
"Grotta"
"Grotto-eque"
"Mannerist"
"AI generative"
"Carnivalesque"
"Modern jester"
"lunapark"
"Mario Klingemann neural decay"
"označují v biologii evoluční jev, při kterém si dospělí jedinci určitého druhu zachovávají znaky, které byly u jejich předků typické pouze pro mláďata nebo juvenilní (nedospělá) stádia"
"biologický jev, při kterém dospělí jedinci organismů (živočichů i rostlin) zčásti nebo zcela udržují své mladistvé (larvální) znaky"
"Joseph Cornell"
"Grotesknost"
"Stelarc"
"Paedomorphic alterations"
"Neoteny"
"Anselm Kiefer"
"Andrea Fraser"
"let img;  // Load the image. function preload() {   img = loadImage('/assets/bricks.jpg'); }  function setup() {   createCanvas(100, 100);    // Display the image.   image(img, 0, 0);    // Apply the ERODE filter.   filter(ERODE);    describe('A red brick wall with faint lines between each brick.'); }"
"let img;  // Load the image. function preload() {   img = loadImage('/assets/bricks.jpg'); }  function setup() {   createCanvas(100, 100);    // Display the image.   image(img, 0, 0);    // Apply the DILATE filter.   filter(DILATE);    describe('A red brick wall with bright lines between each brick.'); }"
"low-resolution, degraded, widely circulated digital images"
"poor image... by Hito... The degradation is not only loss — it is also liberation from the archive, from copyright, from the ""vaults of cinema."""
"Diletion efekt"
"Erode"
"Low resolution"
"Macro x Micro perspektiva"
